env,label,metric,phase,point,run_dir,update,value
reacher,reacher_seed0,model/total_loss,world_model,1,runs/brax_jepa_smallbatch_mainline_reacher_pusher/reacher_seed0/brax_jepa_20260626T213546Z,1,13.400833129882812
reacher,reacher_seed0,model/total_loss,world_model,2,runs/brax_jepa_smallbatch_mainline_reacher_pusher/reacher_seed0/brax_jepa_20260626T213546Z,250,0.8162580728530884
reacher,reacher_seed0,model/total_loss,world_model,3,runs/brax_jepa_smallbatch_mainline_reacher_pusher/reacher_seed0/brax_jepa_20260626T213546Z,500,0.4556792676448822
reacher,reacher_seed0,model/total_loss,world_model,4,runs/brax_jepa_smallbatch_mainline_reacher_pusher/reacher_seed0/brax_jepa_20260626T213546Z,750,0.3680111765861511
reacher,reacher_seed0,model/total_loss,world_model,5,runs/brax_jepa_smallbatch_mainline_reacher_pusher/reacher_seed0/brax_jepa_20260626T213546Z,1000,0.34019070863723755
reacher,reacher_seed0,model/total_loss,world_model,6,runs/brax_jepa_smallbatch_mainline_reacher_pusher/reacher_seed0/brax_jepa_20260626T213546Z,1250,0.28449758887290955
reacher,reacher_seed0,model/total_loss,world_model,7,runs/brax_jepa_smallbatch_mainline_reacher_pusher/reacher_seed0/brax_jepa_20260626T213546Z,1500,0.2404375821352005
reacher,reacher_seed0,model/total_loss,world_model,8,runs/brax_jepa_smallbatch_mainline_reacher_pusher/reacher_seed0/brax_jepa_20260626T213546Z,1750,0.21867190301418304
reacher,reacher_seed0,model/total_loss,world_model,9,runs/brax_jepa_smallbatch_mainline_reacher_pusher/reacher_seed0/brax_jepa_20260626T213546Z,2000,0.20372572541236877
reacher,reacher_seed0,model/total_loss,world_model,10,runs/brax_jepa_smallbatch_mainline_reacher_pusher/reacher_seed0/brax_jepa_20260626T213546Z,2250,0.20262888073921204
reacher,reacher_seed0,model/total_loss,world_model,11,runs/brax_jepa_smallbatch_mainline_reacher_pusher/reacher_seed0/brax_jepa_20260626T213546Z,2500,0.19876693189144135
reacher,reacher_seed0,model/total_loss,world_model,12,runs/brax_jepa_smallbatch_mainline_reacher_pusher/reacher_seed0/brax_jepa_20260626T213546Z,2750,0.21508240699768066
reacher,reacher_seed0,model/total_loss,world_model,13,runs/brax_jepa_smallbatch_mainline_reacher_pusher/reacher_seed0/brax_jepa_20260626T213546Z,3000,0.17945122718811035
reacher,reacher_seed0,model/total_loss,world_model,14,runs/brax_jepa_smallbatch_mainline_reacher_pusher/reacher_seed0/brax_jepa_20260626T213546Z,3250,0.1908050924539566
reacher,reacher_seed0,model/total_loss,world_model,15,runs/brax_jepa_smallbatch_mainline_reacher_pusher/reacher_seed0/brax_jepa_20260626T213546Z,3500,0.17656700313091278
reacher,reacher_seed0,model/total_loss,world_model,16,runs/brax_jepa_smallbatch_mainline_reacher_pusher/reacher_seed0/brax_jepa_20260626T213546Z,3750,0.16961170732975006
reacher,reacher_seed0,model/total_loss,world_model,17,runs/brax_jepa_smallbatch_mainline_reacher_pusher/reacher_seed0/brax_jepa_20260626T213546Z,4000,0.17177022993564606
reacher,reacher_seed0,model/total_loss,world_model,18,runs/brax_jepa_smallbatch_mainline_reacher_pusher/reacher_seed0/brax_jepa_20260626T213546Z,4250,0.16710156202316284
reacher,reacher_seed0,model/total_loss,world_model,19,runs/brax_jepa_smallbatch_mainline_reacher_pusher/reacher_seed0/brax_jepa_20260626T213546Z,4500,0.16473209857940674
reacher,reacher_seed0,model/total_loss,world_model,20,runs/brax_jepa_smallbatch_mainline_reacher_pusher/reacher_seed0/brax_jepa_20260626T213546Z,4750,0.1525546908378601
reacher,reacher_seed0,model/total_loss,world_model,21,runs/brax_jepa_smallbatch_mainline_reacher_pusher/reacher_seed0/brax_jepa_20260626T213546Z,5000,0.15262587368488312
reacher,reacher_seed0,model/total_loss,world_model,22,runs/brax_jepa_smallbatch_mainline_reacher_pusher/reacher_seed0/brax_jepa_20260626T213546Z,5250,0.1534118503332138
reacher,reacher_seed0,model/total_loss,world_model,23,runs/brax_jepa_smallbatch_mainline_reacher_pusher/reacher_seed0/brax_jepa_20260626T213546Z,5500,0.14413121342658997
reacher,reacher_seed0,model/total_loss,world_model,24,runs/brax_jepa_smallbatch_mainline_reacher_pusher/reacher_seed0/brax_jepa_20260626T213546Z,5750,0.14859315752983093
reacher,reacher_seed0,model/total_loss,world_model,25,runs/brax_jepa_smallbatch_mainline_reacher_pusher/reacher_seed0/brax_jepa_20260626T213546Z,6000,0.1472966969013214
reacher,reacher_seed0,model/total_loss,world_model,26,runs/brax_jepa_smallbatch_mainline_reacher_pusher/reacher_seed0/brax_jepa_20260626T213546Z,6250,0.13455753028392792
reacher,reacher_seed0,model/total_loss,world_model,27,runs/brax_jepa_smallbatch_mainline_reacher_pusher/reacher_seed0/brax_jepa_20260626T213546Z,6500,0.1422569751739502
reacher,reacher_seed0,model/total_loss,world_model,28,runs/brax_jepa_smallbatch_mainline_reacher_pusher/reacher_seed0/brax_jepa_20260626T213546Z,6750,0.14877794682979584
reacher,reacher_seed0,model/total_loss,world_model,29,runs/brax_jepa_smallbatch_mainline_reacher_pusher/reacher_seed0/brax_jepa_20260626T213546Z,7000,0.13108700513839722
reacher,reacher_seed0,model/total_loss,world_model,30,runs/brax_jepa_smallbatch_mainline_reacher_pusher/reacher_seed0/brax_jepa_20260626T213546Z,7250,0.1293165683746338
reacher,reacher_seed0,model/total_loss,world_model,31,runs/brax_jepa_smallbatch_mainline_reacher_pusher/reacher_seed0/brax_jepa_20260626T213546Z,7500,0.13450631499290466
reacher,reacher_seed0,model/total_loss,world_model,32,runs/brax_jepa_smallbatch_mainline_reacher_pusher/reacher_seed0/brax_jepa_20260626T213546Z,7750,0.12003501504659653
reacher,reacher_seed0,model/total_loss,world_model,33,runs/brax_jepa_smallbatch_mainline_reacher_pusher/reacher_seed0/brax_jepa_20260626T213546Z,8000,0.128865584731102
reacher,reacher_seed0,model/total_loss,world_model,34,runs/brax_jepa_smallbatch_mainline_reacher_pusher/reacher_seed0/brax_jepa_20260626T213546Z,8250,0.1356663852930069
reacher,reacher_seed0,model/total_loss,world_model,35,runs/brax_jepa_smallbatch_mainline_reacher_pusher/reacher_seed0/brax_jepa_20260626T213546Z,8500,0.12375245988368988
reacher,reacher_seed0,model/total_loss,world_model,36,runs/brax_jepa_smallbatch_mainline_reacher_pusher/reacher_seed0/brax_jepa_20260626T213546Z,8750,0.12920528650283813
reacher,reacher_seed0,model/total_loss,world_model,37,runs/brax_jepa_smallbatch_mainline_reacher_pusher/reacher_seed0/brax_jepa_20260626T213546Z,9000,0.12044813483953476
reacher,reacher_seed0,model/total_loss,world_model,38,runs/brax_jepa_smallbatch_mainline_reacher_pusher/reacher_seed0/brax_jepa_20260626T213546Z,9250,0.12538491189479828
reacher,reacher_seed0,model/total_loss,world_model,39,runs/brax_jepa_smallbatch_mainline_reacher_pusher/reacher_seed0/brax_jepa_20260626T213546Z,9500,0.12232766300439835
reacher,reacher_seed0,model/total_loss,world_model,40,runs/brax_jepa_smallbatch_mainline_reacher_pusher/reacher_seed0/brax_jepa_20260626T213546Z,9750,0.13043001294136047
reacher,reacher_seed0,model/total_loss,world_model,41,runs/brax_jepa_smallbatch_mainline_reacher_pusher/reacher_seed0/brax_jepa_20260626T213546Z,10000,0.12660236656665802
reacher,reacher_seed0,model/total_loss,world_model,42,runs/brax_jepa_smallbatch_mainline_reacher_pusher/reacher_seed0/brax_jepa_20260626T213546Z,10250,0.12709499895572662
reacher,reacher_seed0,model/total_loss,world_model,43,runs/brax_jepa_smallbatch_mainline_reacher_pusher/reacher_seed0/brax_jepa_20260626T213546Z,10500,0.12637959420681
reacher,reacher_seed0,model/total_loss,world_model,44,runs/brax_jepa_smallbatch_mainline_reacher_pusher/reacher_seed0/brax_jepa_20260626T213546Z,10750,0.10694994032382965
reacher,reacher_seed0,model/total_loss,world_model,45,runs/brax_jepa_smallbatch_mainline_reacher_pusher/reacher_seed0/brax_jepa_20260626T213546Z,11000,0.12199853360652924
reacher,reacher_seed0,model/total_loss,world_model,46,runs/brax_jepa_smallbatch_mainline_reacher_pusher/reacher_seed0/brax_jepa_20260626T213546Z,11250,0.12045565992593765
reacher,reacher_seed0,model/total_loss,world_model,47,runs/brax_jepa_smallbatch_mainline_reacher_pusher/reacher_seed0/brax_jepa_20260626T213546Z,11500,0.10959868133068085
reacher,reacher_seed0,model/total_loss,world_model,48,runs/brax_jepa_smallbatch_mainline_reacher_pusher/reacher_seed0/brax_jepa_20260626T213546Z,11750,0.12091854214668274
reacher,reacher_seed0,model/total_loss,world_model,49,runs/brax_jepa_smallbatch_mainline_reacher_pusher/reacher_seed0/brax_jepa_20260626T213546Z,12000,0.11719191074371338
reacher,reacher_seed0,model/total_loss,online_001_candidate_world_model,50,runs/brax_jepa_smallbatch_mainline_reacher_pusher/reacher_seed0/brax_jepa_20260626T213546Z,1,0.20084848999977112
reacher,reacher_seed0,model/total_loss,online_001_candidate_world_model,51,runs/brax_jepa_smallbatch_mainline_reacher_pusher/reacher_seed0/brax_jepa_20260626T213546Z,250,0.200895294547081
reacher,reacher_seed0,model/total_loss,online_001_candidate_world_model,52,runs/brax_jepa_smallbatch_mainline_reacher_pusher/reacher_seed0/brax_jepa_20260626T213546Z,500,0.23328930139541626
reacher,reacher_seed0,model/total_loss,online_001_candidate_world_model,53,runs/brax_jepa_smallbatch_mainline_reacher_pusher/reacher_seed0/brax_jepa_20260626T213546Z,750,0.2519318759441376
reacher,reacher_seed0,model/total_loss,online_001_candidate_world_model,54,runs/brax_jepa_smallbatch_mainline_reacher_pusher/reacher_seed0/brax_jepa_20260626T213546Z,1000,0.24285408854484558
reacher,reacher_seed0,model/total_loss,online_001_candidate_world_model,55,runs/brax_jepa_smallbatch_mainline_reacher_pusher/reacher_seed0/brax_jepa_20260626T213546Z,1250,0.19602756202220917
reacher,reacher_seed0,model/total_loss,online_001_candidate_world_model,56,runs/brax_jepa_smallbatch_mainline_reacher_pusher/reacher_seed0/brax_jepa_20260626T213546Z,1500,0.23427273333072662
reacher,reacher_seed0,model/total_loss,online_001_candidate_world_model,57,runs/brax_jepa_smallbatch_mainline_reacher_pusher/reacher_seed0/brax_jepa_20260626T213546Z,1750,0.19949299097061157
reacher,reacher_seed0,model/total_loss,online_001_candidate_world_model,58,runs/brax_jepa_smallbatch_mainline_reacher_pusher/reacher_seed0/brax_jepa_20260626T213546Z,2000,0.23223641514778137
reacher,reacher_seed0,model/total_loss,online_001_candidate_world_model,59,runs/brax_jepa_smallbatch_mainline_reacher_pusher/reacher_seed0/brax_jepa_20260626T213546Z,2250,0.1986582726240158
reacher,reacher_seed0,model/total_loss,online_001_candidate_world_model,60,runs/brax_jepa_smallbatch_mainline_reacher_pusher/reacher_seed0/brax_jepa_20260626T213546Z,2500,0.18767206370830536
reacher,reacher_seed0,model/total_loss,online_001_candidate_world_model,61,runs/brax_jepa_smallbatch_mainline_reacher_pusher/reacher_seed0/brax_jepa_20260626T213546Z,2750,0.15552747249603271
reacher,reacher_seed0,model/total_loss,online_001_candidate_world_model,62,runs/brax_jepa_smallbatch_mainline_reacher_pusher/reacher_seed0/brax_jepa_20260626T213546Z,3000,0.2313215434551239
reacher,reacher_seed0,model/total_loss,online_002_candidate_world_model,63,runs/brax_jepa_smallbatch_mainline_reacher_pusher/reacher_seed0/brax_jepa_20260626T213546Z,1,0.17731787264347076
reacher,reacher_seed0,model/total_loss,online_002_candidate_world_model,64,runs/brax_jepa_smallbatch_mainline_reacher_pusher/reacher_seed0/brax_jepa_20260626T213546Z,250,0.23720499873161316
reacher,reacher_seed0,model/total_loss,online_002_candidate_world_model,65,runs/brax_jepa_smallbatch_mainline_reacher_pusher/reacher_seed0/brax_jepa_20260626T213546Z,500,0.1987612247467041
reacher,reacher_seed0,model/total_loss,online_002_candidate_world_model,66,runs/brax_jepa_smallbatch_mainline_reacher_pusher/reacher_seed0/brax_jepa_20260626T213546Z,750,0.20481392741203308
reacher,reacher_seed0,model/total_loss,online_002_candidate_world_model,67,runs/brax_jepa_smallbatch_mainline_reacher_pusher/reacher_seed0/brax_jepa_20260626T213546Z,1000,0.18071353435516357
reacher,reacher_seed0,model/total_loss,online_002_candidate_world_model,68,runs/brax_jepa_smallbatch_mainline_reacher_pusher/reacher_seed0/brax_jepa_20260626T213546Z,1250,0.22686244547367096
reacher,reacher_seed0,model/total_loss,online_002_candidate_world_model,69,runs/brax_jepa_smallbatch_mainline_reacher_pusher/reacher_seed0/brax_jepa_20260626T213546Z,1500,0.2662148177623749
reacher,reacher_seed0,model/total_loss,online_002_candidate_world_model,70,runs/brax_jepa_smallbatch_mainline_reacher_pusher/reacher_seed0/brax_jepa_20260626T213546Z,1750,0.21423883736133575
reacher,reacher_seed0,model/total_loss,online_002_candidate_world_model,71,runs/brax_jepa_smallbatch_mainline_reacher_pusher/reacher_seed0/brax_jepa_20260626T213546Z,2000,0.19482146203517914
reacher,reacher_seed0,model/total_loss,online_002_candidate_world_model,72,runs/brax_jepa_smallbatch_mainline_reacher_pusher/reacher_seed0/brax_jepa_20260626T213546Z,2250,0.17319591343402863
reacher,reacher_seed0,model/total_loss,online_002_candidate_world_model,73,runs/brax_jepa_smallbatch_mainline_reacher_pusher/reacher_seed0/brax_jepa_20260626T213546Z,2500,0.19868069887161255
reacher,reacher_seed0,model/total_loss,online_002_candidate_world_model,74,runs/brax_jepa_smallbatch_mainline_reacher_pusher/reacher_seed0/brax_jepa_20260626T213546Z,2750,0.19898483157157898
reacher,reacher_seed0,model/total_loss,online_002_candidate_world_model,75,runs/brax_jepa_smallbatch_mainline_reacher_pusher/reacher_seed0/brax_jepa_20260626T213546Z,3000,0.20561042428016663
reacher,reacher_seed0,model/total_loss,online_003_candidate_world_model,76,runs/brax_jepa_smallbatch_mainline_reacher_pusher/reacher_seed0/brax_jepa_20260626T213546Z,1,0.17266935110092163
reacher,reacher_seed0,model/total_loss,online_003_candidate_world_model,77,runs/brax_jepa_smallbatch_mainline_reacher_pusher/reacher_seed0/brax_jepa_20260626T213546Z,250,0.1645345836877823
reacher,reacher_seed0,model/total_loss,online_003_candidate_world_model,78,runs/brax_jepa_smallbatch_mainline_reacher_pusher/reacher_seed0/brax_jepa_20260626T213546Z,500,0.16185273230075836
reacher,reacher_seed0,model/total_loss,online_003_candidate_world_model,79,runs/brax_jepa_smallbatch_mainline_reacher_pusher/reacher_seed0/brax_jepa_20260626T213546Z,750,0.17454694211483002
reacher,reacher_seed0,model/total_loss,online_003_candidate_world_model,80,runs/brax_jepa_smallbatch_mainline_reacher_pusher/reacher_seed0/brax_jepa_20260626T213546Z,1000,0.17566946148872375
reacher,reacher_seed0,model/total_loss,online_003_candidate_world_model,81,runs/brax_jepa_smallbatch_mainline_reacher_pusher/reacher_seed0/brax_jepa_20260626T213546Z,1250,0.20978330075740814
reacher,reacher_seed0,model/total_loss,online_003_candidate_world_model,82,runs/brax_jepa_smallbatch_mainline_reacher_pusher/reacher_seed0/brax_jepa_20260626T213546Z,1500,0.17737266421318054
reacher,reacher_seed0,model/total_loss,online_003_candidate_world_model,83,runs/brax_jepa_smallbatch_mainline_reacher_pusher/reacher_seed0/brax_jepa_20260626T213546Z,1750,0.1830293983221054
reacher,reacher_seed0,model/total_loss,online_003_candidate_world_model,84,runs/brax_jepa_smallbatch_mainline_reacher_pusher/reacher_seed0/brax_jepa_20260626T213546Z,2000,0.19334711134433746
reacher,reacher_seed0,model/total_loss,online_003_candidate_world_model,85,runs/brax_jepa_smallbatch_mainline_reacher_pusher/reacher_seed0/brax_jepa_20260626T213546Z,2250,0.15824954211711884
reacher,reacher_seed0,model/total_loss,online_003_candidate_world_model,86,runs/brax_jepa_smallbatch_mainline_reacher_pusher/reacher_seed0/brax_jepa_20260626T213546Z,2500,0.17627249658107758
reacher,reacher_seed0,model/total_loss,online_003_candidate_world_model,87,runs/brax_jepa_smallbatch_mainline_reacher_pusher/reacher_seed0/brax_jepa_20260626T213546Z,2750,0.13338927924633026
reacher,reacher_seed0,model/total_loss,online_003_candidate_world_model,88,runs/brax_jepa_smallbatch_mainline_reacher_pusher/reacher_seed0/brax_jepa_20260626T213546Z,3000,0.17406362295150757
reacher,reacher_seed0,model/total_loss,online_004_candidate_world_model,89,runs/brax_jepa_smallbatch_mainline_reacher_pusher/reacher_seed0/brax_jepa_20260626T213546Z,1,0.15215668082237244
reacher,reacher_seed0,model/total_loss,online_004_candidate_world_model,90,runs/brax_jepa_smallbatch_mainline_reacher_pusher/reacher_seed0/brax_jepa_20260626T213546Z,250,0.2228393256664276
reacher,reacher_seed0,model/total_loss,online_004_candidate_world_model,91,runs/brax_jepa_smallbatch_mainline_reacher_pusher/reacher_seed0/brax_jepa_20260626T213546Z,500,0.17937220633029938
reacher,reacher_seed0,model/total_loss,online_004_candidate_world_model,92,runs/brax_jepa_smallbatch_mainline_reacher_pusher/reacher_seed0/brax_jepa_20260626T213546Z,750,0.18989847600460052
reacher,reacher_seed0,model/total_loss,online_004_candidate_world_model,93,runs/brax_jepa_smallbatch_mainline_reacher_pusher/reacher_seed0/brax_jepa_20260626T213546Z,1000,0.1825256496667862
reacher,reacher_seed0,model/total_loss,online_004_candidate_world_model,94,runs/brax_jepa_smallbatch_mainline_reacher_pusher/reacher_seed0/brax_jepa_20260626T213546Z,1250,0.18431128561496735
reacher,reacher_seed0,model/total_loss,online_004_candidate_world_model,95,runs/brax_jepa_smallbatch_mainline_reacher_pusher/reacher_seed0/brax_jepa_20260626T213546Z,1500,0.17136135697364807
reacher,reacher_seed0,model/total_loss,online_004_candidate_world_model,96,runs/brax_jepa_smallbatch_mainline_reacher_pusher/reacher_seed0/brax_jepa_20260626T213546Z,1750,0.19679532945156097
reacher,reacher_seed0,model/total_loss,online_004_candidate_world_model,97,runs/brax_jepa_smallbatch_mainline_reacher_pusher/reacher_seed0/brax_jepa_20260626T213546Z,2000,0.17670689523220062
reacher,reacher_seed0,model/total_loss,online_004_candidate_world_model,98,runs/brax_jepa_smallbatch_mainline_reacher_pusher/reacher_seed0/brax_jepa_20260626T213546Z,2250,0.1685449630022049
reacher,reacher_seed0,model/total_loss,online_004_candidate_world_model,99,runs/brax_jepa_smallbatch_mainline_reacher_pusher/reacher_seed0/brax_jepa_20260626T213546Z,2500,0.1770048588514328
reacher,reacher_seed0,model/total_loss,online_004_candidate_world_model,100,runs/brax_jepa_smallbatch_mainline_reacher_pusher/reacher_seed0/brax_jepa_20260626T213546Z,2750,0.18402890861034393
reacher,reacher_seed0,model/total_loss,online_004_candidate_world_model,101,runs/brax_jepa_smallbatch_mainline_reacher_pusher/reacher_seed0/brax_jepa_20260626T213546Z,3000,0.17964515089988708
reacher,reacher_seed0,model/total_loss,online_005_candidate_world_model,102,runs/brax_jepa_smallbatch_mainline_reacher_pusher/reacher_seed0/brax_jepa_20260626T213546Z,1,0.1638588011264801
reacher,reacher_seed0,model/total_loss,online_005_candidate_world_model,103,runs/brax_jepa_smallbatch_mainline_reacher_pusher/reacher_seed0/brax_jepa_20260626T213546Z,250,0.19522231817245483
reacher,reacher_seed0,model/total_loss,online_005_candidate_world_model,104,runs/brax_jepa_smallbatch_mainline_reacher_pusher/reacher_seed0/brax_jepa_20260626T213546Z,500,0.19858281314373016
reacher,reacher_seed0,model/total_loss,online_005_candidate_world_model,105,runs/brax_jepa_smallbatch_mainline_reacher_pusher/reacher_seed0/brax_jepa_20260626T213546Z,750,0.20543400943279266
reacher,reacher_seed0,model/total_loss,online_005_candidate_world_model,106,runs/brax_jepa_smallbatch_mainline_reacher_pusher/reacher_seed0/brax_jepa_20260626T213546Z,1000,0.2187996804714203
reacher,reacher_seed0,model/total_loss,online_005_candidate_world_model,107,runs/brax_jepa_smallbatch_mainline_reacher_pusher/reacher_seed0/brax_jepa_20260626T213546Z,1250,0.1592801809310913
reacher,reacher_seed0,model/total_loss,online_005_candidate_world_model,108,runs/brax_jepa_smallbatch_mainline_reacher_pusher/reacher_seed0/brax_jepa_20260626T213546Z,1500,0.26249152421951294
reacher,reacher_seed0,model/total_loss,online_005_candidate_world_model,109,runs/brax_jepa_smallbatch_mainline_reacher_pusher/reacher_seed0/brax_jepa_20260626T213546Z,1750,0.20418667793273926
reacher,reacher_seed0,model/total_loss,online_005_candidate_world_model,110,runs/brax_jepa_smallbatch_mainline_reacher_pusher/reacher_seed0/brax_jepa_20260626T213546Z,2000,0.1994158774614334
reacher,reacher_seed0,model/total_loss,online_005_candidate_world_model,111,runs/brax_jepa_smallbatch_mainline_reacher_pusher/reacher_seed0/brax_jepa_20260626T213546Z,2250,0.19733265042304993
reacher,reacher_seed0,model/total_loss,online_005_candidate_world_model,112,runs/brax_jepa_smallbatch_mainline_reacher_pusher/reacher_seed0/brax_jepa_20260626T213546Z,2500,0.1848994493484497
reacher,reacher_seed0,model/total_loss,online_005_candidate_world_model,113,runs/brax_jepa_smallbatch_mainline_reacher_pusher/reacher_seed0/brax_jepa_20260626T213546Z,2750,0.18864865601062775
reacher,reacher_seed0,model/total_loss,online_005_candidate_world_model,114,runs/brax_jepa_smallbatch_mainline_reacher_pusher/reacher_seed0/brax_jepa_20260626T213546Z,3000,0.1868809014558792
reacher,reacher_seed0,model/total_loss,online_006_candidate_world_model,115,runs/brax_jepa_smallbatch_mainline_reacher_pusher/reacher_seed0/brax_jepa_20260626T213546Z,1,0.20090706646442413
reacher,reacher_seed0,model/total_loss,online_006_candidate_world_model,116,runs/brax_jepa_smallbatch_mainline_reacher_pusher/reacher_seed0/brax_jepa_20260626T213546Z,250,0.19765321910381317
reacher,reacher_seed0,model/total_loss,online_006_candidate_world_model,117,runs/brax_jepa_smallbatch_mainline_reacher_pusher/reacher_seed0/brax_jepa_20260626T213546Z,500,0.1520024985074997
reacher,reacher_seed0,model/total_loss,online_006_candidate_world_model,118,runs/brax_jepa_smallbatch_mainline_reacher_pusher/reacher_seed0/brax_jepa_20260626T213546Z,750,0.1784127652645111
reacher,reacher_seed0,model/total_loss,online_006_candidate_world_model,119,runs/brax_jepa_smallbatch_mainline_reacher_pusher/reacher_seed0/brax_jepa_20260626T213546Z,1000,0.18907609581947327
reacher,reacher_seed0,model/total_loss,online_006_candidate_world_model,120,runs/brax_jepa_smallbatch_mainline_reacher_pusher/reacher_seed0/brax_jepa_20260626T213546Z,1250,0.18747973442077637
reacher,reacher_seed0,model/total_loss,online_006_candidate_world_model,121,runs/brax_jepa_smallbatch_mainline_reacher_pusher/reacher_seed0/brax_jepa_20260626T213546Z,1500,0.1552346646785736
reacher,reacher_seed0,model/total_loss,online_006_candidate_world_model,122,runs/brax_jepa_smallbatch_mainline_reacher_pusher/reacher_seed0/brax_jepa_20260626T213546Z,1750,0.18073028326034546
reacher,reacher_seed0,model/total_loss,online_006_candidate_world_model,123,runs/brax_jepa_smallbatch_mainline_reacher_pusher/reacher_seed0/brax_jepa_20260626T213546Z,2000,0.20942117273807526
reacher,reacher_seed0,model/total_loss,online_006_candidate_world_model,124,runs/brax_jepa_smallbatch_mainline_reacher_pusher/reacher_seed0/brax_jepa_20260626T213546Z,2250,0.17437894642353058
reacher,reacher_seed0,model/total_loss,online_006_candidate_world_model,125,runs/brax_jepa_smallbatch_mainline_reacher_pusher/reacher_seed0/brax_jepa_20260626T213546Z,2500,0.15787293016910553
reacher,reacher_seed0,model/total_loss,online_006_candidate_world_model,126,runs/brax_jepa_smallbatch_mainline_reacher_pusher/reacher_seed0/brax_jepa_20260626T213546Z,2750,0.21936661005020142
reacher,reacher_seed0,model/total_loss,online_006_candidate_world_model,127,runs/brax_jepa_smallbatch_mainline_reacher_pusher/reacher_seed0/brax_jepa_20260626T213546Z,3000,0.165168896317482
reacher,reacher_seed1,model/total_loss,world_model,1,runs/brax_jepa_smallbatch_mainline_reacher_pusher/reacher_seed1/brax_jepa_20260627T011144Z,1,11.85614013671875
reacher,reacher_seed1,model/total_loss,world_model,2,runs/brax_jepa_smallbatch_mainline_reacher_pusher/reacher_seed1/brax_jepa_20260627T011144Z,250,0.7057527899742126
reacher,reacher_seed1,model/total_loss,world_model,3,runs/brax_jepa_smallbatch_mainline_reacher_pusher/reacher_seed1/brax_jepa_20260627T011144Z,500,0.4502341151237488
reacher,reacher_seed1,model/total_loss,world_model,4,runs/brax_jepa_smallbatch_mainline_reacher_pusher/reacher_seed1/brax_jepa_20260627T011144Z,750,0.39751502871513367
reacher,reacher_seed1,model/total_loss,world_model,5,runs/brax_jepa_smallbatch_mainline_reacher_pusher/reacher_seed1/brax_jepa_20260627T011144Z,1000,0.3182699978351593
reacher,reacher_seed1,model/total_loss,world_model,6,runs/brax_jepa_smallbatch_mainline_reacher_pusher/reacher_seed1/brax_jepa_20260627T011144Z,1250,0.28643733263015747
reacher,reacher_seed1,model/total_loss,world_model,7,runs/brax_jepa_smallbatch_mainline_reacher_pusher/reacher_seed1/brax_jepa_20260627T011144Z,1500,0.23592649400234222
reacher,reacher_seed1,model/total_loss,world_model,8,runs/brax_jepa_smallbatch_mainline_reacher_pusher/reacher_seed1/brax_jepa_20260627T011144Z,1750,0.2037593424320221
reacher,reacher_seed1,model/total_loss,world_model,9,runs/brax_jepa_smallbatch_mainline_reacher_pusher/reacher_seed1/brax_jepa_20260627T011144Z,2000,0.22204233705997467
reacher,reacher_seed1,model/total_loss,world_model,10,runs/brax_jepa_smallbatch_mainline_reacher_pusher/reacher_seed1/brax_jepa_20260627T011144Z,2250,0.19774559140205383
reacher,reacher_seed1,model/total_loss,world_model,11,runs/brax_jepa_smallbatch_mainline_reacher_pusher/reacher_seed1/brax_jepa_20260627T011144Z,2500,0.19160790741443634
reacher,reacher_seed1,model/total_loss,world_model,12,runs/brax_jepa_smallbatch_mainline_reacher_pusher/reacher_seed1/brax_jepa_20260627T011144Z,2750,0.18993446230888367
reacher,reacher_seed1,model/total_loss,world_model,13,runs/brax_jepa_smallbatch_mainline_reacher_pusher/reacher_seed1/brax_jepa_20260627T011144Z,3000,0.16337096691131592
reacher,reacher_seed1,model/total_loss,world_model,14,runs/brax_jepa_smallbatch_mainline_reacher_pusher/reacher_seed1/brax_jepa_20260627T011144Z,3250,0.172452911734581
reacher,reacher_seed1,model/total_loss,world_model,15,runs/brax_jepa_smallbatch_mainline_reacher_pusher/reacher_seed1/brax_jepa_20260627T011144Z,3500,0.1614122837781906
reacher,reacher_seed1,model/total_loss,world_model,16,runs/brax_jepa_smallbatch_mainline_reacher_pusher/reacher_seed1/brax_jepa_20260627T011144Z,3750,0.17536798119544983
reacher,reacher_seed1,model/total_loss,world_model,17,runs/brax_jepa_smallbatch_mainline_reacher_pusher/reacher_seed1/brax_jepa_20260627T011144Z,4000,0.1697964072227478
reacher,reacher_seed1,model/total_loss,world_model,18,runs/brax_jepa_smallbatch_mainline_reacher_pusher/reacher_seed1/brax_jepa_20260627T011144Z,4250,0.16562947630882263
reacher,reacher_seed1,model/total_loss,world_model,19,runs/brax_jepa_smallbatch_mainline_reacher_pusher/reacher_seed1/brax_jepa_20260627T011144Z,4500,0.16760137677192688
reacher,reacher_seed1,model/total_loss,world_model,20,runs/brax_jepa_smallbatch_mainline_reacher_pusher/reacher_seed1/brax_jepa_20260627T011144Z,4750,0.1482839286327362
reacher,reacher_seed1,model/total_loss,world_model,21,runs/brax_jepa_smallbatch_mainline_reacher_pusher/reacher_seed1/brax_jepa_20260627T011144Z,5000,0.15653325617313385
reacher,reacher_seed1,model/total_loss,world_model,22,runs/brax_jepa_smallbatch_mainline_reacher_pusher/reacher_seed1/brax_jepa_20260627T011144Z,5250,0.15394635498523712
reacher,reacher_seed1,model/total_loss,world_model,23,runs/brax_jepa_smallbatch_mainline_reacher_pusher/reacher_seed1/brax_jepa_20260627T011144Z,5500,0.13756194710731506
reacher,reacher_seed1,model/total_loss,world_model,24,runs/brax_jepa_smallbatch_mainline_reacher_pusher/reacher_seed1/brax_jepa_20260627T011144Z,5750,0.1438216269016266
reacher,reacher_seed1,model/total_loss,world_model,25,runs/brax_jepa_smallbatch_mainline_reacher_pusher/reacher_seed1/brax_jepa_20260627T011144Z,6000,0.14529858529567719
reacher,reacher_seed1,model/total_loss,world_model,26,runs/brax_jepa_smallbatch_mainline_reacher_pusher/reacher_seed1/brax_jepa_20260627T011144Z,6250,0.14376935362815857
reacher,reacher_seed1,model/total_loss,world_model,27,runs/brax_jepa_smallbatch_mainline_reacher_pusher/reacher_seed1/brax_jepa_20260627T011144Z,6500,0.14108332991600037
reacher,reacher_seed1,model/total_loss,world_model,28,runs/brax_jepa_smallbatch_mainline_reacher_pusher/reacher_seed1/brax_jepa_20260627T011144Z,6750,0.15170305967330933
reacher,reacher_seed1,model/total_loss,world_model,29,runs/brax_jepa_smallbatch_mainline_reacher_pusher/reacher_seed1/brax_jepa_20260627T011144Z,7000,0.13119229674339294
reacher,reacher_seed1,model/total_loss,world_model,30,runs/brax_jepa_smallbatch_mainline_reacher_pusher/reacher_seed1/brax_jepa_20260627T011144Z,7250,0.14180178940296173
reacher,reacher_seed1,model/total_loss,world_model,31,runs/brax_jepa_smallbatch_mainline_reacher_pusher/reacher_seed1/brax_jepa_20260627T011144Z,7500,0.13435861468315125
reacher,reacher_seed1,model/total_loss,world_model,32,runs/brax_jepa_smallbatch_mainline_reacher_pusher/reacher_seed1/brax_jepa_20260627T011144Z,7750,0.1346946507692337
reacher,reacher_seed1,model/total_loss,world_model,33,runs/brax_jepa_smallbatch_mainline_reacher_pusher/reacher_seed1/brax_jepa_20260627T011144Z,8000,0.1381170004606247
reacher,reacher_seed1,model/total_loss,world_model,34,runs/brax_jepa_smallbatch_mainline_reacher_pusher/reacher_seed1/brax_jepa_20260627T011144Z,8250,0.12445211410522461
reacher,reacher_seed1,model/total_loss,world_model,35,runs/brax_jepa_smallbatch_mainline_reacher_pusher/reacher_seed1/brax_jepa_20260627T011144Z,8500,0.1304849237203598
reacher,reacher_seed1,model/total_loss,world_model,36,runs/brax_jepa_smallbatch_mainline_reacher_pusher/reacher_seed1/brax_jepa_20260627T011144Z,8750,0.14656248688697815
reacher,reacher_seed1,model/total_loss,world_model,37,runs/brax_jepa_smallbatch_mainline_reacher_pusher/reacher_seed1/brax_jepa_20260627T011144Z,9000,0.12480315566062927
reacher,reacher_seed1,model/total_loss,world_model,38,runs/brax_jepa_smallbatch_mainline_reacher_pusher/reacher_seed1/brax_jepa_20260627T011144Z,9250,0.11763709783554077
reacher,reacher_seed1,model/total_loss,world_model,39,runs/brax_jepa_smallbatch_mainline_reacher_pusher/reacher_seed1/brax_jepa_20260627T011144Z,9500,0.13664181530475616
reacher,reacher_seed1,model/total_loss,world_model,40,runs/brax_jepa_smallbatch_mainline_reacher_pusher/reacher_seed1/brax_jepa_20260627T011144Z,9750,0.12708598375320435
reacher,reacher_seed1,model/total_loss,world_model,41,runs/brax_jepa_smallbatch_mainline_reacher_pusher/reacher_seed1/brax_jepa_20260627T011144Z,10000,0.1320229172706604
reacher,reacher_seed1,model/total_loss,world_model,42,runs/brax_jepa_smallbatch_mainline_reacher_pusher/reacher_seed1/brax_jepa_20260627T011144Z,10250,0.1202949732542038
reacher,reacher_seed1,model/total_loss,world_model,43,runs/brax_jepa_smallbatch_mainline_reacher_pusher/reacher_seed1/brax_jepa_20260627T011144Z,10500,0.11948251724243164
reacher,reacher_seed1,model/total_loss,world_model,44,runs/brax_jepa_smallbatch_mainline_reacher_pusher/reacher_seed1/brax_jepa_20260627T011144Z,10750,0.13576653599739075
reacher,reacher_seed1,model/total_loss,world_model,45,runs/brax_jepa_smallbatch_mainline_reacher_pusher/reacher_seed1/brax_jepa_20260627T011144Z,11000,0.12850706279277802
reacher,reacher_seed1,model/total_loss,world_model,46,runs/brax_jepa_smallbatch_mainline_reacher_pusher/reacher_seed1/brax_jepa_20260627T011144Z,11250,0.11805939674377441
reacher,reacher_seed1,model/total_loss,world_model,47,runs/brax_jepa_smallbatch_mainline_reacher_pusher/reacher_seed1/brax_jepa_20260627T011144Z,11500,0.12586459517478943
reacher,reacher_seed1,model/total_loss,world_model,48,runs/brax_jepa_smallbatch_mainline_reacher_pusher/reacher_seed1/brax_jepa_20260627T011144Z,11750,0.12607833743095398
reacher,reacher_seed1,model/total_loss,world_model,49,runs/brax_jepa_smallbatch_mainline_reacher_pusher/reacher_seed1/brax_jepa_20260627T011144Z,12000,0.12433578073978424
reacher,reacher_seed1,model/total_loss,online_001_candidate_world_model,50,runs/brax_jepa_smallbatch_mainline_reacher_pusher/reacher_seed1/brax_jepa_20260627T011144Z,1,0.2152681052684784
reacher,reacher_seed1,model/total_loss,online_001_candidate_world_model,51,runs/brax_jepa_smallbatch_mainline_reacher_pusher/reacher_seed1/brax_jepa_20260627T011144Z,250,0.21203044056892395
reacher,reacher_seed1,model/total_loss,online_001_candidate_world_model,52,runs/brax_jepa_smallbatch_mainline_reacher_pusher/reacher_seed1/brax_jepa_20260627T011144Z,500,0.23360146582126617
reacher,reacher_seed1,model/total_loss,online_001_candidate_world_model,53,runs/brax_jepa_smallbatch_mainline_reacher_pusher/reacher_seed1/brax_jepa_20260627T011144Z,750,0.25350871682167053
reacher,reacher_seed1,model/total_loss,online_001_candidate_world_model,54,runs/brax_jepa_smallbatch_mainline_reacher_pusher/reacher_seed1/brax_jepa_20260627T011144Z,1000,0.22997751832008362
reacher,reacher_seed1,model/total_loss,online_001_candidate_world_model,55,runs/brax_jepa_smallbatch_mainline_reacher_pusher/reacher_seed1/brax_jepa_20260627T011144Z,1250,0.19301825761795044
reacher,reacher_seed1,model/total_loss,online_001_candidate_world_model,56,runs/brax_jepa_smallbatch_mainline_reacher_pusher/reacher_seed1/brax_jepa_20260627T011144Z,1500,0.18670611083507538
reacher,reacher_seed1,model/total_loss,online_001_candidate_world_model,57,runs/brax_jepa_smallbatch_mainline_reacher_pusher/reacher_seed1/brax_jepa_20260627T011144Z,1750,0.19389116764068604
reacher,reacher_seed1,model/total_loss,online_001_candidate_world_model,58,runs/brax_jepa_smallbatch_mainline_reacher_pusher/reacher_seed1/brax_jepa_20260627T011144Z,2000,0.20127253234386444
reacher,reacher_seed1,model/total_loss,online_001_candidate_world_model,59,runs/brax_jepa_smallbatch_mainline_reacher_pusher/reacher_seed1/brax_jepa_20260627T011144Z,2250,0.1924135684967041
reacher,reacher_seed1,model/total_loss,online_001_candidate_world_model,60,runs/brax_jepa_smallbatch_mainline_reacher_pusher/reacher_seed1/brax_jepa_20260627T011144Z,2500,0.24970917403697968
reacher,reacher_seed1,model/total_loss,online_001_candidate_world_model,61,runs/brax_jepa_smallbatch_mainline_reacher_pusher/reacher_seed1/brax_jepa_20260627T011144Z,2750,0.20802919566631317
reacher,reacher_seed1,model/total_loss,online_001_candidate_world_model,62,runs/brax_jepa_smallbatch_mainline_reacher_pusher/reacher_seed1/brax_jepa_20260627T011144Z,3000,0.18560747802257538
reacher,reacher_seed1,model/total_loss,online_002_candidate_world_model,63,runs/brax_jepa_smallbatch_mainline_reacher_pusher/reacher_seed1/brax_jepa_20260627T011144Z,1,0.17690524458885193
reacher,reacher_seed1,model/total_loss,online_002_candidate_world_model,64,runs/brax_jepa_smallbatch_mainline_reacher_pusher/reacher_seed1/brax_jepa_20260627T011144Z,250,0.17084407806396484
reacher,reacher_seed1,model/total_loss,online_002_candidate_world_model,65,runs/brax_jepa_smallbatch_mainline_reacher_pusher/reacher_seed1/brax_jepa_20260627T011144Z,500,0.2542765140533447
reacher,reacher_seed1,model/total_loss,online_002_candidate_world_model,66,runs/brax_jepa_smallbatch_mainline_reacher_pusher/reacher_seed1/brax_jepa_20260627T011144Z,750,0.1913943886756897
reacher,reacher_seed1,model/total_loss,online_002_candidate_world_model,67,runs/brax_jepa_smallbatch_mainline_reacher_pusher/reacher_seed1/brax_jepa_20260627T011144Z,1000,0.17550189793109894
reacher,reacher_seed1,model/total_loss,online_002_candidate_world_model,68,runs/brax_jepa_smallbatch_mainline_reacher_pusher/reacher_seed1/brax_jepa_20260627T011144Z,1250,0.16364412009716034
reacher,reacher_seed1,model/total_loss,online_002_candidate_world_model,69,runs/brax_jepa_smallbatch_mainline_reacher_pusher/reacher_seed1/brax_jepa_20260627T011144Z,1500,0.20796075463294983
reacher,reacher_seed1,model/total_loss,online_002_candidate_world_model,70,runs/brax_jepa_smallbatch_mainline_reacher_pusher/reacher_seed1/brax_jepa_20260627T011144Z,1750,0.21812275052070618
reacher,reacher_seed1,model/total_loss,online_002_candidate_world_model,71,runs/brax_jepa_smallbatch_mainline_reacher_pusher/reacher_seed1/brax_jepa_20260627T011144Z,2000,0.1783788800239563
reacher,reacher_seed1,model/total_loss,online_002_candidate_world_model,72,runs/brax_jepa_smallbatch_mainline_reacher_pusher/reacher_seed1/brax_jepa_20260627T011144Z,2250,0.16884666681289673
reacher,reacher_seed1,model/total_loss,online_002_candidate_world_model,73,runs/brax_jepa_smallbatch_mainline_reacher_pusher/reacher_seed1/brax_jepa_20260627T011144Z,2500,0.20540504157543182
reacher,reacher_seed1,model/total_loss,online_002_candidate_world_model,74,runs/brax_jepa_smallbatch_mainline_reacher_pusher/reacher_seed1/brax_jepa_20260627T011144Z,2750,0.20263005793094635
reacher,reacher_seed1,model/total_loss,online_002_candidate_world_model,75,runs/brax_jepa_smallbatch_mainline_reacher_pusher/reacher_seed1/brax_jepa_20260627T011144Z,3000,0.15535300970077515
reacher,reacher_seed1,model/total_loss,online_003_candidate_world_model,76,runs/brax_jepa_smallbatch_mainline_reacher_pusher/reacher_seed1/brax_jepa_20260627T011144Z,1,0.211915522813797
reacher,reacher_seed1,model/total_loss,online_003_candidate_world_model,77,runs/brax_jepa_smallbatch_mainline_reacher_pusher/reacher_seed1/brax_jepa_20260627T011144Z,250,0.2140309065580368
reacher,reacher_seed1,model/total_loss,online_003_candidate_world_model,78,runs/brax_jepa_smallbatch_mainline_reacher_pusher/reacher_seed1/brax_jepa_20260627T011144Z,500,0.19757209718227386
reacher,reacher_seed1,model/total_loss,online_003_candidate_world_model,79,runs/brax_jepa_smallbatch_mainline_reacher_pusher/reacher_seed1/brax_jepa_20260627T011144Z,750,0.20539888739585876
reacher,reacher_seed1,model/total_loss,online_003_candidate_world_model,80,runs/brax_jepa_smallbatch_mainline_reacher_pusher/reacher_seed1/brax_jepa_20260627T011144Z,1000,0.21173615753650665
reacher,reacher_seed1,model/total_loss,online_003_candidate_world_model,81,runs/brax_jepa_smallbatch_mainline_reacher_pusher/reacher_seed1/brax_jepa_20260627T011144Z,1250,0.25373685359954834
reacher,reacher_seed1,model/total_loss,online_003_candidate_world_model,82,runs/brax_jepa_smallbatch_mainline_reacher_pusher/reacher_seed1/brax_jepa_20260627T011144Z,1500,0.18917952477931976
reacher,reacher_seed1,model/total_loss,online_003_candidate_world_model,83,runs/brax_jepa_smallbatch_mainline_reacher_pusher/reacher_seed1/brax_jepa_20260627T011144Z,1750,0.20332837104797363
reacher,reacher_seed1,model/total_loss,online_003_candidate_world_model,84,runs/brax_jepa_smallbatch_mainline_reacher_pusher/reacher_seed1/brax_jepa_20260627T011144Z,2000,0.25780218839645386
reacher,reacher_seed1,model/total_loss,online_003_candidate_world_model,85,runs/brax_jepa_smallbatch_mainline_reacher_pusher/reacher_seed1/brax_jepa_20260627T011144Z,2250,0.20327231287956238
reacher,reacher_seed1,model/total_loss,online_003_candidate_world_model,86,runs/brax_jepa_smallbatch_mainline_reacher_pusher/reacher_seed1/brax_jepa_20260627T011144Z,2500,0.1831810623407364
reacher,reacher_seed1,model/total_loss,online_003_candidate_world_model,87,runs/brax_jepa_smallbatch_mainline_reacher_pusher/reacher_seed1/brax_jepa_20260627T011144Z,2750,0.23328471183776855
reacher,reacher_seed1,model/total_loss,online_003_candidate_world_model,88,runs/brax_jepa_smallbatch_mainline_reacher_pusher/reacher_seed1/brax_jepa_20260627T011144Z,3000,0.24709679186344147
reacher,reacher_seed1,model/total_loss,online_004_candidate_world_model,89,runs/brax_jepa_smallbatch_mainline_reacher_pusher/reacher_seed1/brax_jepa_20260627T011144Z,1,0.2214643359184265
reacher,reacher_seed1,model/total_loss,online_004_candidate_world_model,90,runs/brax_jepa_smallbatch_mainline_reacher_pusher/reacher_seed1/brax_jepa_20260627T011144Z,250,0.19119323790073395
reacher,reacher_seed1,model/total_loss,online_004_candidate_world_model,91,runs/brax_jepa_smallbatch_mainline_reacher_pusher/reacher_seed1/brax_jepa_20260627T011144Z,500,0.18197958171367645
reacher,reacher_seed1,model/total_loss,online_004_candidate_world_model,92,runs/brax_jepa_smallbatch_mainline_reacher_pusher/reacher_seed1/brax_jepa_20260627T011144Z,750,0.19177193939685822
reacher,reacher_seed1,model/total_loss,online_004_candidate_world_model,93,runs/brax_jepa_smallbatch_mainline_reacher_pusher/reacher_seed1/brax_jepa_20260627T011144Z,1000,0.2048427164554596
reacher,reacher_seed1,model/total_loss,online_004_candidate_world_model,94,runs/brax_jepa_smallbatch_mainline_reacher_pusher/reacher_seed1/brax_jepa_20260627T011144Z,1250,0.19560538232326508
reacher,reacher_seed1,model/total_loss,online_004_candidate_world_model,95,runs/brax_jepa_smallbatch_mainline_reacher_pusher/reacher_seed1/brax_jepa_20260627T011144Z,1500,0.2245696485042572
reacher,reacher_seed1,model/total_loss,online_004_candidate_world_model,96,runs/brax_jepa_smallbatch_mainline_reacher_pusher/reacher_seed1/brax_jepa_20260627T011144Z,1750,0.2276594489812851
reacher,reacher_seed1,model/total_loss,online_004_candidate_world_model,97,runs/brax_jepa_smallbatch_mainline_reacher_pusher/reacher_seed1/brax_jepa_20260627T011144Z,2000,0.2183084338903427
reacher,reacher_seed1,model/total_loss,online_004_candidate_world_model,98,runs/brax_jepa_smallbatch_mainline_reacher_pusher/reacher_seed1/brax_jepa_20260627T011144Z,2250,0.21719184517860413
reacher,reacher_seed1,model/total_loss,online_004_candidate_world_model,99,runs/brax_jepa_smallbatch_mainline_reacher_pusher/reacher_seed1/brax_jepa_20260627T011144Z,2500,0.18699638545513153
reacher,reacher_seed1,model/total_loss,online_004_candidate_world_model,100,runs/brax_jepa_smallbatch_mainline_reacher_pusher/reacher_seed1/brax_jepa_20260627T011144Z,2750,0.21123091876506805
reacher,reacher_seed1,model/total_loss,online_004_candidate_world_model,101,runs/brax_jepa_smallbatch_mainline_reacher_pusher/reacher_seed1/brax_jepa_20260627T011144Z,3000,0.19609761238098145
reacher,reacher_seed1,model/total_loss,online_005_candidate_world_model,102,runs/brax_jepa_smallbatch_mainline_reacher_pusher/reacher_seed1/brax_jepa_20260627T011144Z,1,0.18478231132030487
reacher,reacher_seed1,model/total_loss,online_005_candidate_world_model,103,runs/brax_jepa_smallbatch_mainline_reacher_pusher/reacher_seed1/brax_jepa_20260627T011144Z,250,0.19005756080150604
reacher,reacher_seed1,model/total_loss,online_005_candidate_world_model,104,runs/brax_jepa_smallbatch_mainline_reacher_pusher/reacher_seed1/brax_jepa_20260627T011144Z,500,0.18006478250026703
reacher,reacher_seed1,model/total_loss,online_005_candidate_world_model,105,runs/brax_jepa_smallbatch_mainline_reacher_pusher/reacher_seed1/brax_jepa_20260627T011144Z,750,0.2870800495147705
reacher,reacher_seed1,model/total_loss,online_005_candidate_world_model,106,runs/brax_jepa_smallbatch_mainline_reacher_pusher/reacher_seed1/brax_jepa_20260627T011144Z,1000,0.19931095838546753
reacher,reacher_seed1,model/total_loss,online_005_candidate_world_model,107,runs/brax_jepa_smallbatch_mainline_reacher_pusher/reacher_seed1/brax_jepa_20260627T011144Z,1250,0.23910488188266754
reacher,reacher_seed1,model/total_loss,online_005_candidate_world_model,108,runs/brax_jepa_smallbatch_mainline_reacher_pusher/reacher_seed1/brax_jepa_20260627T011144Z,1500,0.20558790862560272
reacher,reacher_seed1,model/total_loss,online_005_candidate_world_model,109,runs/brax_jepa_smallbatch_mainline_reacher_pusher/reacher_seed1/brax_jepa_20260627T011144Z,1750,0.19228433072566986
reacher,reacher_seed1,model/total_loss,online_005_candidate_world_model,110,runs/brax_jepa_smallbatch_mainline_reacher_pusher/reacher_seed1/brax_jepa_20260627T011144Z,2000,0.1947096735239029
reacher,reacher_seed1,model/total_loss,online_005_candidate_world_model,111,runs/brax_jepa_smallbatch_mainline_reacher_pusher/reacher_seed1/brax_jepa_20260627T011144Z,2250,0.20879776775836945
reacher,reacher_seed1,model/total_loss,online_005_candidate_world_model,112,runs/brax_jepa_smallbatch_mainline_reacher_pusher/reacher_seed1/brax_jepa_20260627T011144Z,2500,0.20061346888542175
reacher,reacher_seed1,model/total_loss,online_005_candidate_world_model,113,runs/brax_jepa_smallbatch_mainline_reacher_pusher/reacher_seed1/brax_jepa_20260627T011144Z,2750,0.17906688153743744
reacher,reacher_seed1,model/total_loss,online_005_candidate_world_model,114,runs/brax_jepa_smallbatch_mainline_reacher_pusher/reacher_seed1/brax_jepa_20260627T011144Z,3000,0.20231686532497406
reacher,reacher_seed1,model/total_loss,online_006_candidate_world_model,115,runs/brax_jepa_smallbatch_mainline_reacher_pusher/reacher_seed1/brax_jepa_20260627T011144Z,1,0.18720890581607819
reacher,reacher_seed1,model/total_loss,online_006_candidate_world_model,116,runs/brax_jepa_smallbatch_mainline_reacher_pusher/reacher_seed1/brax_jepa_20260627T011144Z,250,0.18185843527317047
reacher,reacher_seed1,model/total_loss,online_006_candidate_world_model,117,runs/brax_jepa_smallbatch_mainline_reacher_pusher/reacher_seed1/brax_jepa_20260627T011144Z,500,0.20972490310668945
reacher,reacher_seed1,model/total_loss,online_006_candidate_world_model,118,runs/brax_jepa_smallbatch_mainline_reacher_pusher/reacher_seed1/brax_jepa_20260627T011144Z,750,0.2742812931537628
reacher,reacher_seed1,model/total_loss,online_006_candidate_world_model,119,runs/brax_jepa_smallbatch_mainline_reacher_pusher/reacher_seed1/brax_jepa_20260627T011144Z,1000,0.22953365743160248
reacher,reacher_seed1,model/total_loss,online_006_candidate_world_model,120,runs/brax_jepa_smallbatch_mainline_reacher_pusher/reacher_seed1/brax_jepa_20260627T011144Z,1250,0.2058931142091751
reacher,reacher_seed1,model/total_loss,online_006_candidate_world_model,121,runs/brax_jepa_smallbatch_mainline_reacher_pusher/reacher_seed1/brax_jepa_20260627T011144Z,1500,0.21292178332805634
reacher,reacher_seed1,model/total_loss,online_006_candidate_world_model,122,runs/brax_jepa_smallbatch_mainline_reacher_pusher/reacher_seed1/brax_jepa_20260627T011144Z,1750,0.22937768697738647
reacher,reacher_seed1,model/total_loss,online_006_candidate_world_model,123,runs/brax_jepa_smallbatch_mainline_reacher_pusher/reacher_seed1/brax_jepa_20260627T011144Z,2000,0.19811590015888214
reacher,reacher_seed1,model/total_loss,online_006_candidate_world_model,124,runs/brax_jepa_smallbatch_mainline_reacher_pusher/reacher_seed1/brax_jepa_20260627T011144Z,2250,0.2004009634256363
reacher,reacher_seed1,model/total_loss,online_006_candidate_world_model,125,runs/brax_jepa_smallbatch_mainline_reacher_pusher/reacher_seed1/brax_jepa_20260627T011144Z,2500,0.21694326400756836
reacher,reacher_seed1,model/total_loss,online_006_candidate_world_model,126,runs/brax_jepa_smallbatch_mainline_reacher_pusher/reacher_seed1/brax_jepa_20260627T011144Z,2750,0.2119191437959671
reacher,reacher_seed1,model/total_loss,online_006_candidate_world_model,127,runs/brax_jepa_smallbatch_mainline_reacher_pusher/reacher_seed1/brax_jepa_20260627T011144Z,3000,0.2322234809398651
